<?xml version="1.0" encoding="UTF-8"?><?xml-stylesheet type='text/xsl' href='_UpgradeReport_Files/UpgradeReport.xslt'?><UpgradeLog>
<Properties><Property Name="Solution" Value="Highlighter.Net">
</Property><Property Name="解决方案文件" Value="E:\zhangdong\nSearch\Highlighter.Net\Highlighter.Net.sln">
</Property><Property Name="Date" Value="2007年2月8日">
</Property><Property Name="Time" Value="21:25">
</Property></Properties><Event ErrorLevel="0" Project="Highlighter.Net" Source="Highlighter.Net.csproj" Description="项目已成功转换">
</Event><Event ErrorLevel="3" Project="Highlighter.Net" Source="Highlighter.Net.csproj" Description="Converted">
</Event><Event ErrorLevel="0" Project="" Source="Highlighter.Net.sln" Description="成功转换解决方案">
</Event><Event ErrorLevel="3" Project="" Source="Highlighter.Net.sln" Description="Converted">
</Event><Event ErrorLevel="0" Project="Highlighter.Net" Source="Highlighter.Net.csproj" Description="扫描完成: 项目文件不需要升级。">
</Event></UpgradeLog>