<?xml version="1.0" encoding="UTF-8"?><?xml-stylesheet type='text/xsl' href='_UpgradeReport_Files/UpgradeReport.xslt'?><UpgradeLog>
<Properties><Property Name="Solution" Value="Lucene.Net">
</Property><Property Name="解决方案文件" Value="E:\zhangdong\nSearch\Lucene.Net\Lucene.Net.sln">
</Property><Property Name="Date" Value="2007年2月8日">
</Property><Property Name="Time" Value="21:24">
</Property></Properties><Event ErrorLevel="0" Project="Lucene.Net-2.0.0" Source="Lucene.Net-2.0.0.csproj" Description="项目已成功转换">
</Event><Event ErrorLevel="3" Project="Lucene.Net-2.0.0" Source="Lucene.Net-2.0.0.csproj" Description="Converted">
</Event><Event ErrorLevel="0" Project="" Source="Lucene.Net.sln" Description="成功转换解决方案">
</Event><Event ErrorLevel="3" Project="" Source="Lucene.Net.sln" Description="Converted">
</Event><Event ErrorLevel="0" Project="Lucene.Net-2.0.0" Source="Lucene.Net-2.0.0.csproj" Description="扫描完成: 项目文件不需要升级。">
</Event></UpgradeLog>